<employees>
<emp1>
    <id>1</id>
    <name>John Doe</name>
    <address>H# 38, R#3, Banani, Dhaka</address>
    <depertment>sales</depertment>
    <salary>$20000</salary>
</emp1>
<emp2>
    <id>2</id>
    <name>Mark Zuckerberg</name>
    <address>Flat# A/1, H# 20, R#18, Mirpur, Dhaka</address>
    <depertment>accounts</depertment>
    <salary>$12000</salary>
</emp2>
<emp3>
    <id>3</id>
    <name>Ala Voski</name>
    <address>H# 38, R#3, Motijheel</address>
    <depertment>human resource</depertment>
    <salary>$30000</salary>
</emp3>
</employees>